Index, Hidden Layer Count, Neuron Layout, Accuracy, Loss
0,1,[717],0.13680691000693818,13.913028498617976
2,3,"[406, 1600, 772]",0.13680691000693818,13.913028498617976
